{
	"Auburn Science & Engineering Center": [
		41.075630,
		-81.513820
	],
	"Ayer Hall": [
		41.076290,
		-81.513190
	],
	"Bierce Library": [
		41.076940
		-81.510230
	],
	"Buckingham Center for Continuing Education": [
		41.077260,
		-81.516670
	],
	"College of Arts & Science Building": [
		41.077790,
		-81.510560
	],
	"College of Business Administration Building": [
		41.077590,
		-81.517690
	],
	"Crouse Hall": [
		41.076310,
		-81.512230
	],
	"Galucci Hall": [
		41.072940,
		-81.516640
	],
	"Goodyear Polymer Science Building": [
		41.076800,
		-81.514570
	],
	"Guzzetta Hall": [
		41.077680,
		-81.514100
	],
	"InfoCision Stadium": [
		41.072590,
		-81.508360
	],
	"James A. Rhodes Physical Education Building": [
		41.075880,
		-81.508740
	],
	"Knight Chemical Laboratory": [
		41.076140,
		-81.515180
	],
	"Kolbe Hall": [
		41.076370,
		-81.510250
	],
	"Leigh Hall": [
		41.076250,
		-81.510730
	],
	"Mary Gladwin Hall": [
		41.075520,
		-81.515030
	],
	"Olin Hall": [
		41.077010,
		-81.508880
	],
	"Polymer Engineering Academic Center": [
		41.079490,
		-81.513680
	],
	"Polsky Building": [
		41.078900,
		-81.519720
	],
	"Schrank Hall North": [
		41.075100,
		-81.513770
	],
	"Schrank Hall South": [
		41.074320,
		-81.513970
	],
	"Whitby Hall": [
		41.076300,
		-81.514560
	],
	"Zook Hall": [
		41.076420,
		-81.511520
	]
}